,개수
스트릿,56
캐주얼,36
가을,23
트레이닝조거 팬츠,21
캡야구 모자,18
캔버스단화,17
맨투맨스웨트셔츠,15
반소매 티셔츠,15
메신저크로스 백,14
안경 소품,14
패션스니커즈화,13
데님 팬츠,11
셔츠블라우스,11
제로,11
봄,11
액자포스터,10
로고플레이,10
댄디,9
안경,9
잡지무크지,9
원마일웨어,8
와이드핏,8
라퍼지스토어,8
편안한,8
숏패딩숏헤비 아우터,8
리,7
꾸안꾸,7
겨울,7
캠퍼스,7
예일,6
오버핏,6
니트스웨터,6
여름,6
나이키,6
에코백,6
와릿이즌,5
비니,5
기타 컬처,5
구두,5
백팩,5
남친룩,5
팔찌,4
컨버스,4
크럼프,4
긴소매 티셔츠,4
디지털,4
버킷사파리햇,4
그래픽,4
부츠,4
아식스,4
토피,4
뉴발란스,4
커버낫,4
코튼 팬츠,4
반스,4
플리스뽀글이,3
아디다스,3
토트백,3
디스이즈네버댓,3
모노톤,3
파르티멘토,3
폴로 랄프 로렌,3
닥터마틴,3
사파리헌팅 재킷,3
머플러,3
베스트,2
엠엠엘지,2
브랜디드,2
블로퍼,2
핀턱,2
워싱,2
리끌로우,2
슈트 팬츠슬랙스,2
무신사 스탠다드,2
브래디백,2
팀버랜드,2
디퓨저캔들,2
캉골,2
기타 시계,2
케이스슬리브,2
콜라보,2
후드 티셔츠,2
엠엘비,2
미니스커트,2
데이트,2
양말,2
로퍼,2
톤온톤,2
노스페이스,2
카디건,2
펀칭,2
겨울 싱글 코트,2
이피티,2
레이어드룩,2
피케카라 티셔츠,2
블루종MA1,2
이벳필드,2
캐치볼,2
코닥,2
엘엠씨,2
스트라이프,2
플리스,2
어글리비버,2
아이더,2
아웃스탠딩,2
유니폼브릿지,2
샌들,2
스카프반다나,2
숄더백,2
더블유브이프로젝트,2
앤더슨벨,2
목걸이펜던트,2
엄브로,2
레터링,2
홀리선,2
일일이삼육오,2
피스메이커,2
스포츠,2
브렌슨,2
블론드나인,2
후아유,2
벌룬핏,2
트러커 재킷,2
쿼츠 아날로그,2
스파오,1
헨리스튜어트,1
올블랙,1
후러브스아트,1
앰버옵티컬,1
트릴리온,1
챌린저,1
클로브,1
미디 원피스,1
오아트,1
골프가방,1
코모레비뮤지엄,1
미디스커트,1
허스키,1
854,1
볼캡,1
815,1
골프,1
833,1
위캔더스,1
플랙,1
바이시클트로피,1
로우로우,1
731,1
어나더유스,1
트래블,1
퀄리티 퍼포먼스,1
앳 더 모먼트,1
742,1
래쉬,1
컬러포인트,1
994,1
트레이닝 재킷,1
엑스톤즈,1
979,1
선글라스,1
782,1
몬스터리퍼블릭,1
엘비비,1
미나브,1
857,1
오버캐스트,1
964,1
버빌리안,1
블랭크룸,1
935,1
에잇세컨즈,1
후드 집업,1
890,1
페도라,1
환절기,1
오드닷,1
도프제이슨,1
위더로드,1
918,1
879,1
체크,1
드로우핏,1
931,1
웨이스트 백,1
제멋,1
지브라,1
타미진스,1
폭스바겐 와치,1
미니멀프로젝트,1
원헌드레드퍼센트,1
르마인,1
뉴트럴톤,1
피지컬 에듀케이션 디파트먼트,1
내셔널지오그래픽,1
959,1
노드스튜디오,1
라모랭,1
924,1
비욘드클로젯,1
877,1
글로시,1
949,1
937,1
아크로하우스,1
이스트쿤스트,1
이에스엔,1
반원 아틀리에,1
878,1
벗딥,1
레더,1
피크닉,1
굿라이프웍스,1
코앤크릿,1
아르반,1
파이살론,1
밋맷밋,1
1,1
544,1
698,1
481,1
티엔피,1
235,1
핍스,1
298,1
제너,1
디프리크,1
리트리버클럽,1
디써티원,1
슈마커,1
330,1
요몬,1
시그니처,1
지프,1
케이튼,1
370,1
와일드 브릭스,1
385,1
로맨틱크라운,1
443,1
키높이,1
포즈간츠,1
유씨 버클리,1
슈펜,1
234,1
그라미치,1
기프트오리지널,1
브룩스,1
월간,1
키치오브제,1
47브랜드,1
레더라이더스 재킷,1
3,1
쇼브오프,1
크리틱,1
6,1
82,1
172,1
론즈데일,1
219,1
보스턴드럼더플백,1
173,1
모디파이드,1
디즈니,1
로맨틱무브,1
비슬로우,1
반려동물용품,1
186,1
202,1
217,1
팔렛,1
에코,1
벤 데이비스,1
언폴드,1
쿠어,1
파인드카푸어,1
636,1
한파,1
골라 클래식,1
로마네,1
브라운브레스,1
오닐,1
641,1
메이킷투,1
658,1
겐지,1
플레어업,1
에스에스와이,1
686,1
청청패션,1
셋업코디,1
심볼,1
메종드바라,1
두마로,1
696,1
아가일,1
커스텀에이드,1
요위,1
스칼렛또블랙,1
화사한,1
세인트스코트런던,1
비바스튜디오,1
어나더브릿지,1
500,1
랩12,1
엘무드,1
일꼬르소,1
헤지스 맨 액세서리,1
지갑머니클립,1
519,1
집시,1
니티드,1
테이퍼드핏,1
그루브라임,1
541,1
커스텀멜로우,1
메인부스,1
컬러블록,1
605,1
카시오,1
616,1
슬리퍼,1
626,1
푸마,1
